{
  "system": {
    "name": "aircraft",
    "n_states": 4,
    "n_inputs": 1,
    "n_outputs": 4,
    "state_variables": [
      "V [m/s]",
      "$\\alpha$ [rad]",
      "$\\dot{\\theta}$ [rad/s]",
      "$\\theta$ [rad]"
    ],
    "input_variables": [
      "delta_e [rad]"
    ],
    "parameters": {
      "m": 1000.0,
      "g": 9.81,
      "rho": 1.225,
      "S": 16.0,
      "c": 1.5,
      "I_yy": 2000.0,
      "T": 2000.0,
      "C_L0": 0.2,
      "C_Lalpha": 5.0,
      "C_Lq": 5.0,
      "C_Ldelta": 1.0,
      "C_D0": 0.03,
      "k": 0.05,
      "C_m0": 0.05,
      "C_malpha": -1.0,
      "C_mq": -10.0,
      "C_mdelta": -1.5
    }
  },
  "equilibrium": {
    "x_e": [
      68.2668747717789,
      -0.004305635588692913,
      -4.962657240701762e-10,
      0.049195283165801955
    ],
    "u_e": [
      0.03620375707678748
    ],
    "y_e": [
      68.2668747717789,
      -0.004305635588692913,
      -4.962657240701762e-10,
      0.049195283165801955
    ]
  },
  "linearized": {
    "A": [
      [
        -0.043224117618478886,
        4.902281619534321,
        -0.05385797141599369,
        -9.795963503700378
      ],
      [
        -0.004207641457476541,
        -3.366688931250028,
        0.9632500000411603,
        -0.007684461400536691
      ],
      [
        2.8131668170377173e-11,
        -34.2536915056122,
        -3.7632114706842463,
        0.0
      ],
      [
        0.0,
        0.0,
        1.0,
        0.0
      ]
    ],
    "B": [
      [
        -0.9804577016936378
      ],
      [
        -0.669015373100379
      ],
      [
        -51.38053725841829
      ],
      [
        0.0
      ]
    ],
    "C": [
      [
        1.0,
        0.0,
        0.0,
        0.0
      ],
      [
        0.0,
        1.0,
        0.0,
        0.0
      ],
      [
        0.0,
        0.0,
        1.0,
        0.0
      ],
      [
        0.0,
        0.0,
        0.0,
        1.0
      ]
    ],
    "D": [
      [
        0.0
      ],
      [
        0.0
      ],
      [
        0.0
      ],
      [
        0.0
      ]
    ]
  },
  "stability": {
    "eigenvalues": [
      "-3.569311 + 5.742502j",
      "-3.569311 + -5.742502j",
      "-0.017251 + 0.174174j",
      "-0.017251 + -0.174174j"
    ],
    "classification": "asymptotically stable"
  },
  "trace": [
    {
      "agent": "PlannerAgent",
      "action": "plan_trimming_strategy",
      "decision": {
        "initial_guess": [
          80.91759624233865,
          0.15,
          0.0,
          0.15,
          -0.06666666666666667
        ],
        "strategy": "least_squares",
        "reasoning": "Based on aircraft operating conditions: {'airspeed': 10.0}"
      }
    },
    {
      "tool": "solve_equilibrium",
      "params": {
        "initial_guess": [
          80.91759624233865,
          0.15,
          0.0,
          0.15,
          -0.06666666666666667
        ],
        "strategy": "least_squares"
      },
      "result": {
        "x_e": [
          68.2668747717789,
          -0.004305635588692913,
          -4.962657240701762e-10,
          0.049195283165801955
        ],
        "u_e": [
          0.03620375707678748
        ],
        "cost": 2.134284587416469e-17,
        "converged": true
      }
    },
    {
      "agent": "SolverAgent",
      "action": "convergence_achieved",
      "attempt": 1,
      "final_cost": 2.134284587416469e-17
    },
    {
      "agent": "AnalysisAgent",
      "action": "begin_analysis",
      "equilibrium": {
        "x_e": [
          68.2668747717789,
          -0.004305635588692913,
          -4.962657240701762e-10,
          0.049195283165801955
        ],
        "u_e": [
          0.03620375707678748
        ]
      }
    },
    {
      "tool": "compute_jacobian",
      "params": {
        "equilibrium": {
          "x_e": [
            68.2668747717789,
            -0.004305635588692913,
            -4.962657240701762e-10,
            0.049195283165801955
          ],
          "u_e": [
            0.03620375707678748
          ]
        },
        "eps": 1e-07
      },
      "result": {
        "A": [
          [
            -0.043224117618478886,
            4.902281619534321,
            -0.05385797141599369,
            -9.795963503700378
          ],
          [
            -0.004207641457476541,
            -3.366688931250028,
            0.9632500000411603,
            -0.007684461400536691
          ],
          [
            2.8131668170377173e-11,
            -34.2536915056122,
            -3.7632114706842463,
            0.0
          ],
          [
            0.0,
            0.0,
            1.0,
            0.0
          ]
        ],
        "B": [
          [
            -0.9804577016936378
          ],
          [
            -0.669015373100379
          ],
          [
            -51.38053725841829
          ],
          [
            0.0
          ]
        ],
        "A_condition_number": 13995.320335956563
      }
    },
    {
      "tool": "analyze_stability",
      "params": {
        "A_shape": [
          4,
          4
        ]
      },
      "result": {
        "eigenvalues": [
          "-3.569311 + 5.742502j",
          "-3.569311 + -5.742502j",
          "-0.017251 + 0.174174j",
          "-0.017251 + -0.174174j"
        ],
        "real_parts": [
          -3.569311491340786,
          -3.569311491340786,
          -0.017250768435590053,
          -0.017250768435590053
        ],
        "imaginary_parts": [
          5.74250199368605,
          -5.74250199368605,
          0.17417440309730114,
          -0.17417440309730114
        ],
        "classification": "asymptotically stable"
      }
    },
    {
      "tool": "validate_constraints",
      "params": {
        "equilibrium": {
          "x_e": [
            68.2668747717789,
            -0.004305635588692913,
            -4.962657240701762e-10,
            0.049195283165801955
          ],
          "u_e": [
            0.03620375707678748
          ]
        },
        "bounds": {
          "x_min": [
            20.0,
            -0.2,
            -1.0,
            -0.2
          ],
          "x_max": [
            100.0,
            0.5,
            1.0,
            0.5
          ],
          "u_min": [
            -0.5
          ],
          "u_max": [
            0.5
          ]
        }
      },
      "result": {
        "feasible": true,
        "x_feasible": true,
        "u_feasible": true,
        "violations": []
      }
    },
    {
      "agent": "AnalysisAgent",
      "action": "analysis_complete",
      "summary": {
        "stability": "asymptotically stable",
        "feasible": true
      }
    }
  ],
  "diagnostics": {
    "converged": true,
    "feasible": true,
    "timestamp": "2025-11-02T10:11:32.575074"
  }
}