{
  "system": {
    "name": "heli",
    "n_states": 4,
    "n_inputs": 2,
    "n_outputs": 4,
    "state_variables": [
      "$\\theta$ [rad]",
      "$\\psi$ [rad]",
      "$\\dot{\\theta}$ [rad/s]",
      "$\\dot{\\psi}$ [rad/s]"
    ],
    "input_variables": [
      "V_p [V]",
      "V_y [V]"
    ],
    "parameters": {
      "J_p": 0.0219,
      "D_p": 0.0711,
      "K_sp": 0.0375,
      "K_pp": 0.0011,
      "K_py": 0.0021,
      "J_y": 0.022,
      "D_y": 0.22,
      "K_yp": -0.0027,
      "K_yy": 0.0022,
      "m": 1.0,
      "g": 9.81,
      "l_p": 0.5
    }
  },
  "equilibrium": {
    "x_e": [
      0.1902180802358912,
      -1.2182253786925084,
      3.588131352250183e-12,
      5.294271195065598e-11
    ],
    "u_e": [
      1.928124386459951,
      2.3663344798344084
    ],
    "y_e": [
      0.1902180802358912,
      -1.2182253786925084,
      3.588131352250183e-12,
      5.294271195065598e-11
    ]
  },
  "linearized": {
    "A": [
      [
        0.0,
        0.0,
        1.0,
        0.0
      ],
      [
        0.0,
        0.0,
        0.0,
        1.0
      ],
      [
        -1.6814435205292355,
        0.0,
        -3.246575342452651,
        0.0
      ],
      [
        0.0,
        0.0,
        0.0,
        -10.000000000010001
      ]
    ],
    "B": [
      [
        0.0,
        0.0
      ],
      [
        0.0,
        0.0
      ],
      [
        0.05022831067735822,
        0.09589041088942096
      ],
      [
        -0.12051364406406861,
        0.09819630220064823
      ]
    ],
    "C": [
      [
        1.0,
        0.0,
        0.0,
        0.0
      ],
      [
        0.0,
        1.0,
        0.0,
        0.0
      ],
      [
        0.0,
        0.0,
        1.0,
        0.0
      ],
      [
        0.0,
        0.0,
        0.0,
        1.0
      ]
    ],
    "D": [
      [
        0.0,
        0.0
      ],
      [
        0.0,
        0.0
      ],
      [
        0.0,
        0.0
      ],
      [
        0.0,
        0.0
      ]
    ]
  },
  "stability": {
    "eigenvalues": [
      "-0.646753",
      "-2.599822",
      "0.000000",
      "-10.000000"
    ],
    "classification": "marginally stable"
  },
  "trace": [
    {
      "agent": "PlannerAgent",
      "action": "plan_trimming_strategy",
      "decision": {
        "initial_guess": [
          0.1,
          0.0,
          0.0,
          0.0,
          3.4034119311418682,
          4.17691464276502
        ],
        "strategy": "least_squares",
        "reasoning": "Based on heli operating conditions: {'mode': 'tilted', 'theta_tilt': 0.1}"
      }
    },
    {
      "tool": "solve_equilibrium",
      "params": {
        "initial_guess": [
          0.1,
          0.0,
          0.0,
          0.0,
          3.4034119311418682,
          4.17691464276502
        ],
        "strategy": "least_squares"
      },
      "result": {
        "x_e": [
          0.1902180802358912,
          -1.2182253786925084,
          3.588131352250183e-12,
          5.294271195065598e-11
        ],
        "u_e": [
          1.928124386459951,
          2.3663344798344084
        ],
        "cost": 3.039027555230372e-21,
        "converged": true
      }
    },
    {
      "agent": "SolverAgent",
      "action": "convergence_achieved",
      "attempt": 1,
      "final_cost": 3.039027555230372e-21
    },
    {
      "agent": "AnalysisAgent",
      "action": "begin_analysis",
      "equilibrium": {
        "x_e": [
          0.1902180802358912,
          -1.2182253786925084,
          3.588131352250183e-12,
          5.294271195065598e-11
        ],
        "u_e": [
          1.928124386459951,
          2.3663344798344084
        ]
      }
    },
    {
      "tool": "compute_jacobian",
      "params": {
        "equilibrium": {
          "x_e": [
            0.1902180802358912,
            -1.2182253786925084,
            3.588131352250183e-12,
            5.294271195065598e-11
          ],
          "u_e": [
            1.928124386459951,
            2.3663344798344084
          ]
        },
        "eps": 1e-07
      },
      "result": {
        "A": [
          [
            0.0,
            0.0,
            1.0,
            0.0
          ],
          [
            0.0,
            0.0,
            0.0,
            1.0
          ],
          [
            -1.6814435205292355,
            0.0,
            -3.246575342452651,
            0.0
          ],
          [
            0.0,
            0.0,
            0.0,
            -10.000000000010001
          ]
        ],
        "B": [
          [
            0.0,
            0.0
          ],
          [
            0.0,
            0.0
          ],
          [
            0.05022831067735822,
            0.09589041088942096
          ],
          [
            -0.12051364406406861,
            0.09819630220064823
          ]
        ],
        "A_condition_number": Infinity
      }
    },
    {
      "tool": "analyze_stability",
      "params": {
        "A_shape": [
          4,
          4
        ]
      },
      "result": {
        "eigenvalues": [
          "-0.646753",
          "-2.599822",
          "0.000000",
          "-10.000000"
        ],
        "real_parts": [
          -0.6467533180025633,
          -2.599822024450088,
          0.0,
          -10.000000000010001
        ],
        "imaginary_parts": [
          0.0,
          0.0,
          0.0,
          0.0
        ],
        "classification": "marginally stable"
      }
    },
    {
      "tool": "validate_constraints",
      "params": {
        "equilibrium": {
          "x_e": [
            0.1902180802358912,
            -1.2182253786925084,
            3.588131352250183e-12,
            5.294271195065598e-11
          ],
          "u_e": [
            1.928124386459951,
            2.3663344798344084
          ]
        },
        "bounds": {
          "x_min": [
            -1.5707963267948966,
            -5.0,
            -10.0,
            -10.0
          ],
          "x_max": [
            1.5707963267948966,
            5.0,
            10.0,
            10.0
          ],
          "u_min": [
            -24.0,
            -24.0
          ],
          "u_max": [
            24.0,
            24.0
          ]
        }
      },
      "result": {
        "feasible": true,
        "x_feasible": true,
        "u_feasible": true,
        "violations": []
      }
    },
    {
      "agent": "AnalysisAgent",
      "action": "analysis_complete",
      "summary": {
        "stability": "marginally stable",
        "feasible": true
      }
    }
  ],
  "diagnostics": {
    "converged": true,
    "feasible": true,
    "timestamp": "2025-11-02T09:59:32.321412"
  }
}